operation,elapsed_seconds,sample_rows,sample_memory_bytes,source_files
rds_write,11.45,100000,208606280,207
readr_write,7,100000,208606280,207
parquet_write,2.8699999999999974,100000,208606280,207
rds_read,6.25,100000,208606280,207
readr_read,6.3699999999999974,100000,208606280,207
data_table_read,9.240000000000002,100000,208606280,207
parquet_read,1.0600000000000023,100000,208606280,207
